{
    "AES": {
        "encryption": {
            "128-bit": 2.8243064880371092e-05,
            "192-bit": 2.5029182434082032e-05,
            "256-bit": 2.4886131286621093e-05
        },
        "decryption": {
            "128-bit": 2.60162353515625e-05,
            "192-bit": 2.6772022247314455e-05,
            "256-bit": 2.4390220642089843e-05
        }
    },
    "RSA": {
        "encryption": {
            "1024-bit": 0.0011273837089538575,
            "2048-bit": 0.0018258309364318848,
            "4096-bit": 0.003397364616394043
        },
        "decryption": {
            "1024-bit": 0.035022504329681396,
            "2048-bit": 0.07363986015319825,
            "4096-bit": 0.19454421043395997
        }
    }
}