{
    "AES": {
        "encryption": {
            "128-bit": 2.438783645629883e-05,
            "192-bit": 2.344369888305664e-05,
            "256-bit": 2.1851062774658204e-05
        },
        "decryption": {
            "128-bit": 2.5751590728759767e-05,
            "192-bit": 2.3615360260009765e-05,
            "256-bit": 2.434253692626953e-05
        }
    },
    "RSA": {
        "encryption": {
            "1024-bit": 0.0011447215080261231,
            "2048-bit": 0.0018475651741027832,
            "4096-bit": 0.003523080348968506
        },
        "decryption": {
            "1024-bit": 0.03539457082748413,
            "2048-bit": 0.07671693801879882,
            "4096-bit": 0.19928147554397582
        }
    }
}